metric,estimate,ci_lower,ci_upper,bootstrap_iterations
auroc,0.8548750233031708,0.8282684028188265,0.8777612924473556,200
auprc,0.8637386078674235,0.825255432202736,0.8925817555164782,200
balanced_accuracy,0.7853646527947074,0.7564687361927028,0.8106195463869541,200
brier,0.15854140948050624,0.14506837393154315,0.17252357009354527,200
sensitivity,0.7288801571709234,0.6896370755461965,0.7661455108359133,200
specificity,0.8418491484184915,0.803523238609963,0.8750155472636816,200
