threshold,model_net_benefit,treat_all_net_benefit,treat_none_net_benefit
0.1,0.5077294685990338,0.5036231884057971,0.0
0.2,0.45625000000000004,0.44157608695652173,0.0
0.3,0.4153726708074534,0.3618012422360248,0.0
0.4,0.37173913043478257,0.25543478260869557,0.0
0.5,0.33260869565217394,0.10652173913043472,0.0
0.6,0.2793478260869565,-0.11684782608695654,0.0
0.7,0.21159420289855074,-0.48913043478260876,0.0
0.8,0.13695652173913042,-1.2336956521739135,0.0
0.9,0.056521739130434775,-3.4673913043478275,0.0
