,age,trestbps,chol,thalach,oldpeak,ca
age,1.0,0.25938993828044493,-0.03734951378042493,-0.3483334440764477,0.2877735415600897,0.3913728763578145
trestbps,0.25938993828044493,1.0,0.10412408462506063,-0.09001860093355392,0.16141398397189347,0.07073450093518993
chol,-0.03734951378042493,0.10412408462506063,1.0,0.1751632621679638,0.04817791286897639,0.11313857972375156
thalach,-0.3483334440764477,-0.09001860093355392,0.1751632621679638,1.0,-0.18810465917017272,-0.2855590445656902
oldpeak,0.2877735415600897,0.16141398397189347,0.04817791286897639,-0.18810465917017272,1.0,0.25446912470992133
ca,0.3913728763578145,0.07073450093518993,0.11313857972375156,-0.2855590445656902,0.25446912470992133,1.0
