variable,missing_count,missing_percent
id,0,0.0
center,0,0.0
age,0,0.0
sex,0,0.0
cp,0,0.0
trestbps,59,6.41304347826087
chol,30,3.260869565217391
fbs,90,9.782608695652174
restecg,2,0.21739130434782608
thalach,55,5.978260869565218
exang,55,5.978260869565218
oldpeak,62,6.739130434782608
slope,309,33.58695652173913
ca,611,66.41304347826087
thal,486,52.826086956521735
target_binary,0,0.0
target_multiclass,0,0.0
