test,chi2,p_value,df,significant_005
Friedman,15.109090909090895,0.08798269287467216,9,False
