dataset_version,auroc_mean,auroc_std,auprc_mean,auprc_std,balanced_accuracy_mean,balanced_accuracy_std,brier_mean,brier_std,mcc_mean,mcc_std,note
heart_csv_deduplicated,0.9087296576879911,0.02759723797072002,0.9171815702199769,0.032095736661012175,0.8315867003367003,0.039203499326322104,0.12502484215390922,0.029755753092729882,0.6766438642223032,0.08774253335196161,Supplementary only; target semantics are not pooled with UCI.
heart_csv_original_with_duplicates,0.9238017370470202,0.008600036497562302,0.9256056134775745,0.014962035128647714,0.855487788940619,0.0072411551299628165,0.10972829822635574,0.0038646630566250913,0.7150550821002024,0.011195470923646063,Supplementary only; target semantics are not pooled with UCI.
