dataset_version,auroc_mean,auroc_std,auprc_mean,auprc_std,balanced_accuracy_mean,balanced_accuracy_std,brier_mean,brier_std,mcc_mean,mcc_std,note
heart_csv_deduplicated,0.9033336840628508,0.02532233731364067,0.9121405726914104,0.02704231078736408,0.8289908008658008,0.040498479515562145,0.12616155719049973,0.020391788156520665,0.6656186449504156,0.08632093680538594,Supplementary only; target semantics are not pooled with UCI.
heart_csv_original_with_duplicates,0.9547937379182663,0.00834289265753674,0.9554819029912682,0.00987291188161173,0.8696587165455091,0.013584376509286273,0.08600596263992373,0.007650601246398323,0.7415530947482232,0.02656102347295086,Supplementary only; target semantics are not pooled with UCI.
