{
  "project_name": "Early CVD Prediction",
  "model_name": "logistic_l2",
  "final_params": {
    "classifier__C": 0.1
  },
  "selection_summary": [
    {
      "model": "logistic_l2",
      "auroc_mean": 0.7985727207931796,
      "auroc_std": 0.08546117405718633,
      "auprc_mean": 0.8802237026552742,
      "auprc_std": 0.06361826092583012,
      "accuracy_mean": 0.7635441730888028,
      "accuracy_std": 0.06111978338096447,
      "balanced_accuracy_mean": 0.7449029376440428,
      "balanced_accuracy_std": 0.06518375855348997,
      "sensitivity_mean": 0.7229832371419181,
      "sensitivity_std": 0.05066753467482004,
      "specificity_mean": 0.7668226381461676,
      "specificity_std": 0.16102556451063543,
      "precision_ppv_mean": 0.8601146668120445,
      "precision_ppv_std": 0.07791214035132601,
      "npv_mean": 0.5582834203245771,
      "npv_std": 0.3219274973062912,
      "f1_mean": 0.7833072461449861,
      "f1_std": 0.036890449442438106,
      "mcc_mean": 0.4409762255650804,
      "mcc_std": 0.19824435163831616,
      "brier_mean": 0.1677634379263647,
      "brier_std": 0.03461338279646577,
      "calibration_intercept_mean": 0.9232376345791842,
      "calibration_intercept_std": 1.2404637699701628,
      "calibration_slope_mean": 0.9663230167344316,
      "calibration_slope_std": 0.36438952259983903,
      "calibration_slope_error": 0.03367698326556845,
      "auroc_rank": 3.0,
      "auprc_rank": 1.0,
      "brier_rank": 1.0,
      "mcc_rank": 1.0,
      "calibration_rank": 1.0,
      "stability_rank": 4.0,
      "interpretability_bonus": -0.75,
      "selection_score": 10.25
    },
    {
      "model": "calibrated_gradient_boosting",
      "auroc_mean": 0.809166467151287,
      "auroc_std": 0.07332894103807205,
      "auprc_mean": 0.8774386725341794,
      "auprc_std": 0.07067907335018264,
      "accuracy_mean": 0.7414957909267883,
      "accuracy_std": 0.03322138627784837,
      "balanced_accuracy_mean": 0.7135466611745197,
      "balanced_accuracy_std": 0.0465360974299804,
      "sensitivity_mean": 0.8556918071975242,
      "sensitivity_std": 0.04831239730457099,
      "specificity_mean": 0.5714015151515152,
      "specificity_std": 0.0717219685550751,
      "precision_ppv_mean": 0.7496210058924024,
      "precision_ppv_std": 0.17972583252823263,
      "npv_mean": 0.6108869305297877,
      "npv_std": 0.3449024113956947,
      "f1_mean": 0.7862231462231463,
      "f1_std": 0.07929136711709482,
      "mcc_mean": 0.38464720540803315,
      "mcc_std": 0.12588185167401983,
      "brier_mean": 0.17352293495594606,
      "brier_std": 0.017011552018610925,
      "calibration_intercept_mean": 0.1470545621798235,
      "calibration_intercept_std": 1.750663286366239,
      "calibration_slope_mean": 1.2883255307309414,
      "calibration_slope_std": 0.5698079007521767,
      "calibration_slope_error": 0.28832553073094136,
      "auroc_rank": 1.0,
      "auprc_rank": 2.0,
      "brier_rank": 3.0,
      "mcc_rank": 4.0,
      "calibration_rank": 2.0,
      "stability_rank": 1.0,
      "interpretability_bonus": -0.25,
      "selection_score": 12.75
    },
    {
      "model": "random_forest",
      "auroc_mean": 0.7999601054028034,
      "auroc_std": 0.08517795592903069,
      "auprc_mean": 0.8732563043659495,
      "auprc_std": 0.06705587463324901,
      "accuracy_mean": 0.7367468484434261,
      "accuracy_std": 0.0719065422961614,
      "balanced_accuracy_mean": 0.7161046698525225,
      "balanced_accuracy_std": 0.08735560931834054,
      "sensitivity_mean": 0.7261375928244747,
      "sensitivity_std": 0.04468135214896107,
      "specificity_mean": 0.7060717468805704,
      "specificity_std": 0.14242296136361968,
      "precision_ppv_mean": 0.8209131127741929,
      "precision_ppv_std": 0.1012666007450971,
      "npv_mean": 0.5402062540509881,
      "npv_std": 0.3453095576511791,
      "f1_mean": 0.7668097159747876,
      "f1_std": 0.03370104790812456,
      "mcc_mean": 0.3874036973208542,
      "mcc_std": 0.22096646452308286,
      "brier_mean": 0.1702221629132601,
      "brier_std": 0.02400197130771552,
      "calibration_intercept_mean": 0.7150064195470396,
      "calibration_intercept_std": 1.3209271799167241,
      "calibration_slope_mean": 1.3284607805339455,
      "calibration_slope_std": 0.5618937954522545,
      "calibration_slope_error": 0.32846078053394545,
      "auroc_rank": 2.0,
      "auprc_rank": 3.0,
      "brier_rank": 2.0,
      "mcc_rank": 3.0,
      "calibration_rank": 3.0,
      "stability_rank": 3.0,
      "interpretability_bonus": 0.1,
      "selection_score": 16.1
    },
    {
      "model": "gradient_boosting",
      "auroc_mean": 0.7934073968377593,
      "auroc_std": 0.08161311489780243,
      "auprc_mean": 0.8612418436273688,
      "auprc_std": 0.07406307923046551,
      "accuracy_mean": 0.7374099148437147,
      "accuracy_std": 0.056810557379907325,
      "balanced_accuracy_mean": 0.7322344768703892,
      "balanced_accuracy_std": 0.07445367503849203,
      "sensitivity_mean": 0.7732813423325788,
      "sensitivity_std": 0.09037881943137262,
      "specificity_mean": 0.6911876114081996,
      "specificity_std": 0.061487534149849594,
      "precision_ppv_mean": 0.8014572700245742,
      "precision_ppv_std": 0.13416920565188745,
      "npv_mean": 0.5732744039738551,
      "npv_std": 0.36540647396192477,
      "f1_mean": 0.7758578842509757,
      "f1_std": 0.0261441599678338,
      "mcc_mean": 0.4098514375519537,
      "mcc_std": 0.20183612835700415,
      "brier_mean": 0.17977630042747272,
      "brier_std": 0.01724684318372942,
      "calibration_intercept_mean": 0.5239062472088005,
      "calibration_intercept_std": 1.5863748583016901,
      "calibration_slope_mean": 1.3355821475191167,
      "calibration_slope_std": 0.47673897229219736,
      "calibration_slope_error": 0.33558214751911675,
      "auroc_rank": 4.0,
      "auprc_rank": 4.0,
      "brier_rank": 4.0,
      "mcc_rank": 2.0,
      "calibration_rank": 4.0,
      "stability_rank": 2.0,
      "interpretability_bonus": 0.0,
      "selection_score": 20.0
    },
    {
      "model": "mlp_notebook_baseline",
      "auroc_mean": 0.7790851680173692,
      "auroc_std": 0.08741728146147604,
      "auprc_mean": 0.8576867127254983,
      "auprc_std": 0.07546502973371487,
      "accuracy_mean": 0.7177422202336358,
      "accuracy_std": 0.11781328719592217,
      "balanced_accuracy_mean": 0.6778878488020853,
      "balanced_accuracy_std": 0.08961719341288277,
      "sensitivity_mean": 0.8401339863742241,
      "sensitivity_std": 0.10493572036185515,
      "specificity_mean": 0.5156417112299465,
      "specificity_std": 0.24655808307938654,
      "precision_ppv_mean": 0.7501852594666634,
      "precision_ppv_std": 0.19089769770149637,
      "npv_mean": 0.6035437281070213,
      "npv_std": 0.3699237446414404,
      "f1_mean": 0.7738206128545887,
      "f1_std": 0.09127080790354497,
      "mcc_mean": 0.3418112616782104,
      "mcc_std": 0.17211739330872064,
      "brier_mean": 0.18744863916756765,
      "brier_std": 0.03851021170245877,
      "calibration_intercept_mean": 0.125068688871444,
      "calibration_intercept_std": 1.9233495055419594,
      "calibration_slope_mean": 1.939812110842718,
      "calibration_slope_std": 1.9363111361709517,
      "calibration_slope_error": 0.939812110842718,
      "auroc_rank": 5.0,
      "auprc_rank": 5.0,
      "brier_rank": 5.0,
      "mcc_rank": 5.0,
      "calibration_rank": 5.0,
      "stability_rank": 5.0,
      "interpretability_bonus": 0.5,
      "selection_score": 30.5
    }
  ],
  "validation_summary": [
    {
      "model": "calibrated_gradient_boosting",
      "auroc_mean": 0.809166467151287,
      "auroc_std": 0.07332894103807205,
      "auprc_mean": 0.8774386725341794,
      "auprc_std": 0.07067907335018264,
      "accuracy_mean": 0.7414957909267883,
      "accuracy_std": 0.03322138627784837,
      "balanced_accuracy_mean": 0.7135466611745197,
      "balanced_accuracy_std": 0.0465360974299804,